timestamps,open,high,low,close,volume,amount
2026/09/20 06:21,93.00,93.00,93.00,93.00,0,0
2026/09/20 06:44,93.00,93.00,93.00,93.00,0,0
2026/09/20 10:26,93.00,93.00,93.00,93.00,0,0
2026/09/20 10:54,93.00,93.00,93.00,93.00,0,0
2026/09/20 11:15,93.00,93.00,93.00,93.00,0,0
2026/09/20 11:57,93.00,93.00,93.00,93.00,0,0
2026/09/20 12:15,93.00,93.00,93.00,93.00,0,0
2026/09/20 12:29,93.00,93.00,93.00,93.00,0,0
2026/09/20 13:15,93.00,93.00,93.00,93.00,0,0
2026/09/20 14:15,93.00,93.00,93.00,93.00,0,0
2026/09/20 15:15,93.00,93.00,93.00,93.00,0,0
2026/09/20 16:15,93.00,93.00,93.00,93.00,0,0
2026/09/20 16:54,93.00,93.00,93.00,93.00,0,0
2026/09/20 17:15,93.00,93.00,93.00,93.00,0,0
2026/09/20 18:15,93.00,93.00,93.00,93.00,0,0
2026/09/20 19:15,93.00,93.00,93.00,93.00,0,0
2026/09/20 20:15,93.00,93.00,93.00,93.00,0,0
2026/09/20 21:15,93.00,93.00,93.00,93.00,0,0
2026/09/20 22:15,93.00,93.00,93.00,93.00,0,0
2026/09/20 22:54,93.00,93.00,93.00,93.00,0,0
2026/09/20 23:15,93.00,93.00,93.00,93.00,0,0
2026/09/21 00:15,93.00,93.00,93.00,93.00,0,0
2026/09/21 01:15,93.00,93.00,93.00,93.00,0,0
2026/09/21 02:15,93.00,93.00,93.00,93.00,0,0
2026/09/21 03:15,93.00,93.00,93.00,93.00,0,0
2026/09/21 04:15,93.00,93.00,93.00,93.00,0,0
2026/09/21 04:37,92.99,92.99,92.99,92.99,0,0
2026/09/21 04:47,92.99,92.99,92.99,92.99,0,0
2026/09/21 04:53,92.99,92.99,92.99,92.99,0,0
2026/09/21 05:15,92.99,92.99,92.99,92.99,0,0
2026/09/21 06:15,92.99,92.99,92.99,92.99,0,0
2026/09/21 07:15,92.99,92.99,92.99,92.99,0,0
2026/09/21 08:15,92.99,92.99,92.99,92.99,0,0
2026/09/21 09:15,92.99,92.99,92.99,92.99,0,0
2026/09/21 10:15,92.99,92.99,92.99,92.99,0,0
2026/09/21 10:55,91.88,91.88,91.88,91.88,0,0
2026/09/21 11:15,91.88,91.88,91.88,91.88,0,0
2026/09/21 12:15,91.88,91.88,91.88,91.88,0,0
2026/09/21 13:15,91.88,91.88,91.88,91.88,0,0
2026/09/21 14:15,91.88,91.88,91.88,91.88,0,0
2026/09/21 15:15,91.87,91.87,91.87,91.87,0,0
2026/09/21 15:28,91.78,91.78,91.78,91.78,0,0
2026/09/21 16:15,91.78,91.78,91.78,91.78,0,0
2026/09/21 16:54,90.86,90.86,90.86,90.86,0,0
2026/09/21 17:15,90.86,90.86,90.86,90.86,0,0
2026/09/21 18:15,90.86,90.86,90.86,90.86,0,0
2026/09/21 19:15,90.86,90.86,90.86,90.86,0,0
2026/09/21 20:15,90.86,90.86,90.86,90.86,0,0
2026/09/21 21:15,90.86,90.86,90.86,90.86,0,0
2026/09/21 22:15,90.86,90.86,90.86,90.86,0,0
2026/09/21 22:54,90.86,90.86,90.86,90.86,0,0
2026/09/21 23:15,90.86,90.86,90.86,90.86,0,0
2026/09/22 00:15,90.86,90.86,90.86,90.86,0,0
2026/09/22 01:15,90.86,90.86,90.86,90.86,0,0
2026/09/22 02:15,90.86,90.86,90.86,90.86,0,0
2026/09/22 03:15,90.86,90.86,90.86,90.86,0,0
2026/09/22 04:15,90.86,90.86,90.86,90.86,0,0
2026/09/22 05:01,90.00,90.00,90.00,90.00,0,0
2026/09/22 05:15,90.00,90.00,90.00,90.00,0,0
2026/09/22 06:15,90.00,90.00,90.00,90.00,0,0
2026/09/22 07:15,90.00,90.00,90.00,90.00,0,0
2026/09/22 08:15,90.00,90.00,90.00,90.00,0,0
2026/09/22 09:15,90.00,90.00,90.00,90.00,0,0
2026/09/22 10:15,90.00,90.00,90.00,90.00,0,0
2026/09/22 10:55,88.11,88.11,88.11,88.11,0,0
2026/09/22 11:15,88.11,88.11,88.11,88.11,0,0
2026/09/22 12:15,88.11,88.11,88.11,88.11,0,0
2026/09/22 13:15,88.11,88.11,88.11,88.11,0,0
2026/09/22 14:15,88.11,88.11,88.11,88.11,0,0
2026/09/22 15:15,88.11,88.11,88.11,88.11,0,0
2026/09/22 16:15,88.11,88.11,88.11,88.11,0,0
2026/09/22 16:55,86.36,86.36,86.36,86.36,0,0
2026/09/22 17:15,86.36,86.36,86.36,86.36,0,0
2026/09/22 18:15,86.36,86.36,86.36,86.36,0,0
2026/09/22 19:15,86.36,86.36,86.36,86.36,0,0
2026/09/22 20:15,86.36,86.36,86.36,86.36,0,0
2026/09/22 21:15,86.36,86.36,86.36,86.36,0,0
2026/09/22 22:15,86.36,86.36,86.36,86.36,0,0
2026/09/22 22:54,86.36,86.36,86.36,86.36,0,0
2026/09/22 23:15,86.36,86.36,86.36,86.36,0,0
2026/09/23 00:15,86.36,86.36,86.36,86.36,0,0
2026/09/23 01:15,86.36,86.36,86.36,86.36,0,0
2026/09/23 02:15,86.36,86.36,86.36,86.36,0,0
2026/09/23 03:15,86.36,86.36,86.36,86.36,0,0
2026/09/23 04:15,86.36,86.36,86.36,86.36,0,0
2026/09/23 04:54,86.36,86.36,86.36,86.36,0,0
2026/09/23 05:15,86.36,86.36,86.36,86.36,0,0
2026/09/23 06:15,86.36,86.36,86.36,86.36,0,0
2026/09/23 07:15,86.36,86.36,86.36,86.36,0,0
2026/09/23 08:15,86.36,86.36,86.36,86.36,0,0
2026/09/23 09:15,86.36,86.36,86.36,86.36,0,0
2026/09/23 10:15,86.36,86.36,86.36,86.36,0,0
2026/09/23 10:56,84.55,84.55,84.55,84.55,0,0
2026/09/23 11:15,84.55,84.55,84.55,84.55,0,0
2026/09/23 12:15,84.55,84.55,84.55,84.55,0,0
2026/09/23 13:15,84.55,84.55,84.55,84.55,0,0
2026/09/23 14:15,84.55,84.55,84.55,84.55,0,0
2026/09/23 15:15,84.55,84.55,84.55,84.55,0,0
2026/09/23 16:15,84.55,84.55,84.55,84.55,0,0
2026/09/23 16:56,84.55,84.55,84.55,84.55,0,0
2026/09/23 17:15,84.55,84.55,84.55,84.55,0,0
2026/09/23 18:15,84.55,84.55,84.55,84.55,0,0
2026/09/23 19:15,84.55,84.55,84.55,84.55,0,0
2026/09/23 20:15,84.55,84.55,84.55,84.55,0,0
2026/09/23 21:15,84.55,84.55,84.55,84.55,0,0
2026/09/23 22:15,84.55,84.55,84.55,84.55,0,0
2026/09/23 22:56,84.55,84.55,84.55,84.55,0,0
2026/09/23 23:15,84.55,84.55,84.55,84.55,0,0
2026/09/24 00:15,84.55,84.55,84.55,84.55,0,0
2026/09/24 01:15,84.55,84.55,84.55,84.55,0,0
2026/09/24 02:15,84.55,84.55,84.55,84.55,0,0
2026/09/24 03:15,84.55,84.55,84.55,84.55,0,0
2026/09/24 04:15,84.55,84.55,84.55,84.55,0,0
2026/09/24 04:56,84.55,84.55,84.55,84.55,0,0
2026/09/24 05:15,84.55,84.55,84.55,84.55,0,0
2026/09/24 06:15,84.55,84.55,84.55,84.55,0,0
2026/09/24 07:15,84.55,84.55,84.55,84.55,0,0
2026/09/24 08:15,84.55,84.55,84.55,84.55,0,0
2026/09/24 09:15,84.55,84.55,84.55,84.55,0,0
2026/09/24 10:15,84.45,84.45,84.45,84.45,0,0
2026/09/24 10:56,84.45,84.45,84.45,84.45,0,0
2026/09/24 11:15,84.45,84.45,84.45,84.45,0,0
2026/09/24 12:15,84.45,84.45,84.45,84.45,0,0
2026/09/24 13:15,84.45,84.45,84.45,84.45,0,0
2026/09/24 14:15,84.45,84.45,84.45,84.45,0,0
2026/09/24 15:15,84.45,84.45,84.45,84.45,0,0
2026/09/24 16:15,84.45,84.45,84.45,84.45,0,0
2026/09/24 16:57,84.44,84.44,84.44,84.44,0,0
2026/09/24 17:15,84.44,84.44,84.44,84.44,0,0
2026/09/24 18:15,84.44,84.44,84.44,84.44,0,0
2026/09/24 19:15,84.44,84.44,84.44,84.44,0,0
2026/09/24 20:15,84.44,84.44,84.44,84.44,0,0
2026/09/24 21:15,84.44,84.44,84.44,84.44,0,0
2026/09/24 22:15,84.44,84.44,84.44,84.44,0,0
2026/09/24 22:57,84.44,84.44,84.44,84.44,0,0
2026/09/24 23:15,84.44,84.44,84.44,84.44,0,0
2026/09/25 00:15,84.44,84.44,84.44,84.44,0,0
2026/09/25 01:15,84.44,84.44,84.44,84.44,0,0
2026/09/25 02:15,84.44,84.44,84.44,84.44,0,0
2026/09/25 03:15,84.44,84.44,84.44,84.44,0,0
2026/09/25 04:15,84.43,84.43,84.43,84.43,0,0
2026/09/25 04:57,84.43,84.43,84.43,84.43,0,0
2026/09/25 05:15,84.43,84.43,84.43,84.43,0,0
2026/09/25 06:15,84.43,84.43,84.43,84.43,0,0
2026/09/25 07:15,84.43,84.43,84.43,84.43,0,0
2026/09/25 08:15,84.43,84.43,84.43,84.43,0,0
2026/09/25 09:15,84.43,84.43,84.43,84.43,0,0
2026/09/25 10:15,84.43,84.43,84.43,84.43,0,0
2026/09/25 11:05,84.00,84.00,84.00,84.00,0,0
2026/09/25 11:15,84.00,84.00,84.00,84.00,0,0
2026/09/25 12:15,84.00,84.00,84.00,84.00,0,0
2026/09/25 13:15,84.00,84.00,84.00,84.00,0,0
2026/09/25 14:15,84.00,84.00,84.00,84.00,0,0
2026/09/25 15:15,84.00,84.00,84.00,84.00,0,0
2026/09/25 16:15,83.99,83.99,83.99,83.99,0,0
2026/09/25 16:59,83.99,83.99,83.99,83.99,0,0
2026/09/25 17:15,83.99,83.99,83.99,83.99,0,0
2026/09/25 18:15,83.99,83.99,83.99,83.99,0,0
2026/09/25 19:15,83.99,83.99,83.99,83.99,0,0
2026/09/25 20:15,83.99,83.99,83.99,83.99,0,0
2026/09/25 21:15,83.99,83.99,83.99,83.99,0,0
2026/09/25 22:15,83.99,83.99,83.99,83.99,0,0
2026/09/25 22:59,83.99,83.99,83.99,83.99,0,0
2026/09/25 23:15,83.99,83.99,83.99,83.99,0,0
2026/09/26 00:15,83.99,83.99,83.99,83.99,0,0
2026/09/26 01:15,83.99,83.99,83.99,83.99,0,0
2026/09/26 02:15,83.99,83.99,83.99,83.99,0,0
2026/09/26 03:15,83.99,83.99,83.99,83.99,0,0
2026/09/26 04:15,83.88,83.88,83.88,83.88,0,0
2026/09/26 04:59,83.88,83.88,83.88,83.88,0,0
2026/09/26 05:15,83.88,83.88,83.88,83.88,0,0
2026/09/26 06:15,83.88,83.88,83.88,83.88,0,0
2026/09/26 07:15,83.88,83.88,83.88,83.88,0,0
2026/09/26 08:15,83.88,83.88,83.88,83.88,0,0
2026/09/26 09:15,83.88,83.88,83.88,83.88,0,0
2026/09/26 10:15,83.88,83.88,83.88,83.88,0,0
2026/09/26 10:59,83.88,83.88,83.88,83.88,0,0
2026/09/26 11:15,83.88,83.88,83.88,83.88,0,0
2026/09/26 12:15,83.88,83.88,83.88,83.88,0,0
2026/09/26 13:15,83.88,83.88,83.88,83.88,0,0
2026/09/26 14:15,83.88,83.88,83.88,83.88,0,0
2026/09/26 15:15,83.88,83.88,83.88,83.88,0,0
2026/09/26 16:15,83.88,83.88,83.88,83.88,0,0
2026/09/26 17:08,83.00,83.00,83.00,83.00,0,0
2026/09/26 17:15,83.00,83.00,83.00,83.00,0,0
2026/09/26 18:15,83.00,83.00,83.00,83.00,0,0
2026/09/26 19:15,83.00,83.00,83.00,83.00,0,0
2026/09/26 20:15,83.00,83.00,83.00,83.00,0,0
2026/09/26 21:15,83.00,83.00,83.00,83.00,0,0
2026/09/26 22:15,83.00,83.00,83.00,83.00,0,0
2026/09/26 23:08,83.00,83.00,83.00,83.00,0,0
2026/09/26 23:15,83.00,83.00,83.00,83.00,0,0
2026/09/27 00:15,83.00,83.00,83.00,83.00,0,0
2026/09/27 01:15,83.00,83.00,83.00,83.00,0,0
2026/09/27 02:15,83.00,83.00,83.00,83.00,0,0
2026/09/27 03:15,83.00,83.00,83.00,83.00,0,0
2026/09/27 04:15,83.00,83.00,83.00,83.00,0,0
2026/09/27 05:07,83.00,83.00,83.00,83.00,0,0
2026/09/27 05:15,83.00,83.00,83.00,83.00,0,0
2026/09/27 06:15,83.00,83.00,83.00,83.00,0,0
2026/09/27 07:15,83.00,83.00,83.00,83.00,0,0
2026/09/27 08:15,83.00,83.00,83.00,83.00,0,0
2026/09/27 09:15,83.00,83.00,83.00,83.00,0,0
2026/09/27 10:15,83.00,83.00,83.00,83.00,0,0
2026/09/27 11:07,83.00,83.00,83.00,83.00,0,0
2026/09/27 11:15,83.00,83.00,83.00,83.00,0,0
2026/09/27 12:15,83.00,83.00,83.00,83.00,0,0
2026/09/27 13:15,83.00,83.00,83.00,83.00,0,0
2026/09/27 14:15,83.00,83.00,83.00,83.00,0,0
2026/09/27 15:15,83.00,83.00,83.00,83.00,0,0
2026/09/27 16:15,83.00,83.00,83.00,83.00,0,0
2026/09/27 17:07,83.00,83.00,83.00,83.00,0,0
2026/09/27 17:15,83.00,83.00,83.00,83.00,0,0
2026/09/27 18:15,83.00,83.00,83.00,83.00,0,0
2026/09/27 19:15,83.00,83.00,83.00,83.00,0,0
2026/09/27 20:15,83.00,83.00,83.00,83.00,0,0
2026/09/27 21:15,83.00,83.00,83.00,83.00,0,0
2026/09/27 22:15,83.00,83.00,83.00,83.00,0,0
2026/09/27 22:59,83.85,83.85,83.85,83.85,0,0
2026/09/27 23:15,83.85,83.85,83.85,83.85,0,0
2026/09/28 00:15,83.85,83.85,83.85,83.85,0,0
2026/09/28 01:15,83.85,83.85,83.85,83.85,0,0
2026/09/28 02:15,83.85,83.85,83.85,83.85,0,0
2026/09/28 03:15,83.85,83.85,83.85,83.85,0,0
2026/09/28 04:15,83.77,83.77,83.77,83.77,0,0
2026/09/28 04:59,83.77,83.77,83.77,83.77,0,0
2026/09/28 05:15,83.77,83.77,83.77,83.77,0,0
2026/09/28 06:15,83.77,83.77,83.77,83.77,0,0
2026/09/28 07:15,83.77,83.77,83.77,83.77,0,0
2026/09/28 08:15,83.77,83.77,83.77,83.77,0,0
2026/09/28 09:15,83.77,83.77,83.77,83.77,0,0
2026/09/28 10:15,83.77,83.77,83.77,83.77,0,0
2026/09/28 11:08,83.67,83.67,83.67,83.67,0,0
2026/09/28 11:15,83.67,83.67,83.67,83.67,0,0
2026/09/28 12:15,83.67,83.67,83.67,83.67,0,0
2026/09/28 13:15,83.67,83.67,83.67,83.67,0,0
2026/09/28 14:15,83.67,83.67,83.67,83.67,0,0
2026/09/28 15:15,83.67,83.67,83.67,83.67,0,0
2026/09/28 16:15,83.67,83.67,83.67,83.67,0,0
2026/09/28 16:59,83.66,83.66,83.66,83.66,0,0
2026/09/28 17:15,83.66,83.66,83.66,83.66,0,0
2026/09/28 18:15,83.66,83.66,83.66,83.66,0,0
2026/09/28 19:15,83.66,83.66,83.66,83.66,0,0
2026/09/28 20:15,83.66,83.66,83.66,83.66,0,0
2026/09/28 21:15,83.66,83.66,83.66,83.66,0,0
2026/09/28 22:15,83.66,83.66,83.66,83.66,0,0
2026/09/28 23:07,83.66,83.66,83.66,83.66,0,0
2026/09/28 23:15,83.66,83.66,83.66,83.66,0,0
2026/09/29 00:15,83.66,83.66,83.66,83.66,0,0
2026/09/29 01:15,83.66,83.66,83.66,83.66,0,0
2026/09/29 02:15,83.66,83.66,83.66,83.66,0,0
2026/09/29 03:15,83.66,83.66,83.66,83.66,0,0
2026/09/29 04:15,83.66,83.66,83.66,83.66,0,0
2026/09/29 04:59,83.55,83.55,83.55,83.55,0,0
2026/09/29 05:15,83.55,83.55,83.55,83.55,0,0
2026/09/29 06:15,83.55,83.55,83.55,83.55,0,0
2026/09/29 07:15,83.55,83.55,83.55,83.55,0,0
2026/09/29 08:15,83.55,83.55,83.55,83.55,0,0
2026/09/29 09:15,83.55,83.55,83.55,83.55,0,0
2026/09/29 10:15,83.55,83.55,83.55,83.55,0,0
2026/09/29 11:06,83.45,83.45,83.45,83.45,0,0
2026/09/29 11:15,83.45,83.45,83.45,83.45,0,0
2026/09/29 12:15,83.45,83.45,83.45,83.45,0,0
2026/09/29 13:15,83.45,83.45,83.45,83.45,0,0
2026/09/29 14:15,83.45,83.45,83.45,83.45,0,0
2026/09/29 15:15,83.45,83.45,83.45,83.45,0,0
2026/09/29 16:15,83.45,83.45,83.45,83.45,0,0
2026/09/29 17:06,83.44,83.44,83.44,83.44,0,0
2026/09/29 17:15,83.44,83.44,83.44,83.44,0,0
2026/09/29 18:15,83.44,83.44,83.44,83.44,0,0
2026/09/29 19:15,83.44,83.44,83.44,83.44,0,0
2026/09/29 20:15,83.44,83.44,83.44,83.44,0,0
2026/09/29 21:15,83.44,83.44,83.44,83.44,0,0
2026/09/29 22:15,83.44,83.44,83.44,83.44,0,0
2026/09/29 23:06,83.44,83.44,83.44,83.44,0,0
2026/09/29 23:15,83.44,83.44,83.44,83.44,0,0
2026/09/30 00:15,83.44,83.44,83.44,83.44,0,0
2026/09/30 01:15,83.44,83.44,83.44,83.44,0,0
2026/09/30 02:15,83.44,83.44,83.44,83.44,0,0
2026/09/30 03:15,83.44,83.44,83.44,83.44,0,0
2026/09/30 04:15,83.44,83.44,83.44,83.44,0,0
2026/09/30 05:06,83.43,83.43,83.43,83.43,0,0
2026/09/30 05:15,83.43,83.43,83.43,83.43,0,0
2026/09/30 06:15,83.43,83.43,83.43,83.43,0,0
2026/09/30 07:15,83.43,83.43,83.43,83.43,0,0
2026/09/30 08:15,83.43,83.43,83.43,83.43,0,0
2026/09/30 09:15,83.43,83.43,83.43,83.43,0,0
2026/09/30 10:15,83.43,83.43,83.43,83.43,0,0
2026/09/30 10:59,83.33,83.33,83.33,83.33,0,0
2026/09/30 11:15,83.33,83.33,83.33,83.33,0,0
2026/09/30 12:15,83.33,83.33,83.33,83.33,0,0
2026/09/30 13:15,83.33,83.33,83.33,83.33,0,0
2026/09/30 14:15,83.33,83.33,83.33,83.33,0,0
2026/09/30 15:15,83.33,83.33,83.33,83.33,0,0
2026/09/30 16:15,82.49,82.49,82.49,82.49,0,0
2026/09/30 16:59,82.49,82.49,82.49,82.49,0,0
2026/09/30 17:15,82.49,82.49,82.49,82.49,0,0
2026/09/30 18:15,82.49,82.49,82.49,82.49,0,0
2026/09/30 19:15,82.49,82.49,82.49,82.49,0,0
2026/09/30 20:15,82.49,82.49,82.49,82.49,0,0
2026/09/30 21:15,82.49,82.49,82.49,82.49,0,0
2026/09/30 22:15,82.49,82.49,82.49,82.49,0,0
2026/09/30 22:59,82.49,82.49,82.49,82.49,0,0
2026/09/30 23:15,82.49,82.49,82.49,82.49,0,0
2026/10/01 00:15,82.49,82.49,82.49,82.49,0,0
2026/10/01 01:15,82.49,82.49,82.49,82.49,0,0
2026/10/01 02:15,82.49,82.49,82.49,82.49,0,0
2026/10/01 03:15,82.49,82.49,82.49,82.49,0,0
2026/10/01 04:15,82.49,82.49,82.49,82.49,0,0
2026/10/01 05:06,82.49,82.49,82.49,82.49,0,0
2026/10/01 05:15,82.49,82.49,82.49,82.49,0,0
2026/10/01 06:15,82.49,82.49,82.49,82.49,0,0
2026/10/01 07:15,82.49,82.49,82.49,82.49,0,0
2026/10/01 08:15,82.49,82.49,82.49,82.49,0,0
2026/10/01 09:15,82.49,82.49,82.49,82.49,0,0
2026/10/01 10:15,82.39,82.39,82.39,82.39,0,0
2026/10/01 10:59,82.39,82.39,82.39,82.39,0,0
2026/10/01 11:15,82.39,82.39,82.39,82.39,0,0
2026/10/01 12:15,82.39,82.39,82.39,82.39,0,0
2026/10/01 13:15,82.39,82.39,82.39,82.39,0,0
2026/10/01 14:15,82.39,82.39,82.39,82.39,0,0
2026/10/01 15:15,82.39,82.39,82.39,82.39,0,0
2026/10/01 16:15,82.39,82.39,82.39,82.39,0,0
2026/10/01 17:06,80.75,80.75,80.75,80.75,0,0
2026/10/01 17:15,80.75,80.75,80.75,80.75,0,0
2026/10/01 18:15,80.75,80.75,80.75,80.75,0,0
2026/10/01 19:15,80.75,80.75,80.75,80.75,0,0
2026/10/01 20:15,80.75,80.75,80.75,80.75,0,0
2026/10/01 21:15,80.75,80.75,80.75,80.75,0,0
2026/10/01 22:15,80.75,80.75,80.75,80.75,0,0
2026/10/01 23:06,80.75,80.75,80.75,80.75,0,0
2026/10/01 23:15,80.75,80.75,80.75,80.75,0,0
2026/10/02 00:15,80.75,80.75,80.75,80.75,0,0
2026/10/02 01:15,80.75,80.75,80.75,80.75,0,0
2026/10/02 02:15,80.75,80.75,80.75,80.75,0,0
2026/10/02 03:15,80.75,80.75,80.75,80.75,0,0
2026/10/02 04:15,80.75,80.75,80.75,80.75,0,0
2026/10/02 05:07,80.75,80.75,80.75,80.75,0,0
2026/10/02 05:15,80.75,80.75,80.75,80.75,0,0
2026/10/02 06:15,80.75,80.75,80.75,80.75,0,0
2026/10/02 07:15,80.75,80.75,80.75,80.75,0,0
2026/10/02 08:15,80.75,80.75,80.75,80.75,0,0
2026/10/02 09:15,80.75,80.75,80.75,80.75,0,0
2026/10/02 10:15,80.75,80.75,80.75,80.75,0,0
2026/10/02 11:06,80.65,80.65,80.65,80.65,0,0
2026/10/02 11:15,80.65,80.65,80.65,80.65,0,0
2026/10/02 12:15,80.65,80.65,80.65,80.65,0,0
2026/10/02 13:15,80.65,80.65,80.65,80.65,0,0
2026/10/02 14:15,80.65,80.65,80.65,80.65,0,0
2026/10/02 15:15,80.65,80.65,80.65,80.65,0,0
2026/10/02 16:15,80.65,80.65,80.65,80.65,0,0
2026/10/02 17:06,80.54,80.54,80.54,80.54,0,0
2026/10/02 17:15,80.54,80.54,80.54,80.54,0,0
2026/10/02 18:15,80.54,80.54,80.54,80.54,0,0
2026/10/02 19:15,80.54,80.54,80.54,80.54,0,0
2026/10/02 20:15,80.54,80.54,80.54,80.54,0,0
2026/10/02 21:15,80.54,80.54,80.54,80.54,0,0
2026/10/02 22:15,80.54,80.54,80.54,80.54,0,0
2026/10/02 23:05,80.54,80.54,80.54,80.54,0,0
2026/10/02 23:15,80.54,80.54,80.54,80.54,0,0
2026/10/03 00:15,80.54,80.54,80.54,80.54,0,0
2026/10/03 01:15,80.54,80.54,80.54,80.54,0,0
2026/10/03 02:15,80.54,80.54,80.54,80.54,0,0
2026/10/03 03:15,80.54,80.54,80.54,80.54,0,0
2026/10/03 04:15,80.54,80.54,80.54,80.54,0,0
2026/10/03 04:58,80.53,80.53,80.53,80.53,0,0
2026/10/03 05:15,80.53,80.53,80.53,80.53,0,0
2026/10/03 06:15,80.53,80.53,80.53,80.53,0,0
2026/10/03 07:15,80.53,80.53,80.53,80.53,0,0
2026/10/03 08:15,80.53,80.53,80.53,80.53,0,0
2026/10/03 09:15,80.53,80.53,80.53,80.53,0,0
2026/10/03 10:15,80.53,80.53,80.53,80.53,0,0
2026/10/03 11:06,78.91,78.91,78.91,78.91,0,0
2026/10/03 11:15,78.91,78.91,78.91,78.91,0,0
2026/10/03 12:15,78.91,78.91,78.91,78.91,0,0
2026/10/03 13:15,78.91,78.91,78.91,78.91,0,0
2026/10/03 14:15,78.91,78.91,78.91,78.91,0,0
2026/10/03 15:15,78.91,78.91,78.91,78.91,0,0
2026/10/03 16:15,78.91,78.91,78.91,78.91,0,0
2026/10/03 17:06,75.57,75.57,75.57,75.57,0,0
2026/10/03 17:15,75.57,75.57,75.57,75.57,0,0
2026/10/03 18:15,75.57,75.57,75.57,75.57,0,0
2026/10/03 19:15,75.57,75.57,75.57,75.57,0,0
2026/10/03 20:15,75.57,75.57,75.57,75.57,0,0
2026/10/03 21:15,75.57,75.57,75.57,75.57,0,0
2026/10/03 22:15,75.57,75.57,75.57,75.57,0,0
2026/10/03 23:02,75.57,75.57,75.57,75.57,0,0
2026/10/03 23:15,75.57,75.57,75.57,75.57,0,0
2026/10/04 00:15,75.57,75.57,75.57,75.57,0,0
2026/10/04 01:15,75.57,75.57,75.57,75.57,0,0
2026/10/04 02:15,75.57,75.57,75.57,75.57,0,0
2026/10/04 03:15,75.57,75.57,75.57,75.57,0,0
2026/10/04 04:15,75.57,75.57,75.57,75.57,0,0
2026/10/04 04:59,73.60,73.60,73.60,73.60,0,0
2026/10/04 05:15,73.60,73.60,73.60,73.60,0,0
2026/10/04 06:15,73.60,73.60,73.60,73.60,0,0
2026/10/04 07:15,73.60,73.60,73.60,73.60,0,0
2026/10/04 08:15,73.60,73.60,73.60,73.60,0,0
2026/10/04 09:15,73.60,73.60,73.60,73.60,0,0
2026/10/04 10:15,73.60,73.60,73.60,73.60,0,0
