name,t,date,p_up,actual_up,n_up
AK-47 | Bloodsport (Field-Tested),30,2026-08-20,1.0,1,10
AK-47 | Bloodsport (Field-Tested),32,2026-08-22,1.0,0,10
AK-47 | Bloodsport (Field-Tested),33,2026-08-23,0.7,0,7
AK-47 | Bloodsport (Field-Tested),35,2026-08-25,0.6,0,6
AK-47 | Bloodsport (Field-Tested),36,2026-08-26,0.6,0,6
AK-47 | Bloodsport (Field-Tested),38,2026-08-28,0.7,0,7
AK-47 | Bloodsport (Field-Tested),39,2026-08-29,0.8,0,8
AK-47 | Bloodsport (Field-Tested),41,2026-08-31,0.7,0,7
AK-47 | Bloodsport (Field-Tested),42,2026-09-03,0.1,0,1
AK-47 | Bloodsport (Field-Tested),44,2026-09-05,0.6,0,6
AK-47 | Breakthrough (Field-Tested),30,2026-08-20,1.0,1,10
AK-47 | Breakthrough (Field-Tested),32,2026-08-22,1.0,1,10
AK-47 | Breakthrough (Field-Tested),33,2026-08-23,1.0,1,10
AK-47 | Breakthrough (Field-Tested),35,2026-08-25,0.4,1,4
AK-47 | Breakthrough (Field-Tested),36,2026-08-26,0.7,1,7
AK-47 | Breakthrough (Field-Tested),38,2026-08-28,0.5,1,5
AK-47 | Breakthrough (Field-Tested),39,2026-08-29,0.3,0,3
AK-47 | Breakthrough (Field-Tested),41,2026-08-31,0.1,0,1
AK-47 | Breakthrough (Field-Tested),42,2026-09-03,0.8,1,8
AK-47 | Breakthrough (Field-Tested),44,2026-09-05,0.1,0,1
AK-47 | Fire Serpent (Minimal Wear),30,2026-08-20,1.0,0,10
AK-47 | Fire Serpent (Minimal Wear),32,2026-08-22,0.8,0,8
AK-47 | Fire Serpent (Minimal Wear),33,2026-08-23,1.0,0,10
AK-47 | Fire Serpent (Minimal Wear),35,2026-08-25,0.9,1,9
AK-47 | Fire Serpent (Minimal Wear),36,2026-08-26,0.6,1,6
AK-47 | Fire Serpent (Minimal Wear),38,2026-08-28,0.2,1,2
AK-47 | Fire Serpent (Minimal Wear),39,2026-08-29,0.4,1,4
AK-47 | Fire Serpent (Minimal Wear),41,2026-08-31,0.6,0,6
AK-47 | Fire Serpent (Minimal Wear),42,2026-09-03,0.9,1,9
AK-47 | Fire Serpent (Minimal Wear),44,2026-09-05,1.0,1,10
AK-47 | Jungle Spray (Minimal Wear),30,2026-08-20,1.0,0,10
AK-47 | Jungle Spray (Minimal Wear),32,2026-08-22,1.0,0,10
AK-47 | Jungle Spray (Minimal Wear),33,2026-08-23,0.7,0,7
AK-47 | Jungle Spray (Minimal Wear),35,2026-08-25,0.9,0,9
AK-47 | Jungle Spray (Minimal Wear),36,2026-08-26,0.8,0,8
AK-47 | Jungle Spray (Minimal Wear),38,2026-08-28,1.0,0,10
AK-47 | Jungle Spray (Minimal Wear),39,2026-08-29,0.9,0,9
AK-47 | Jungle Spray (Minimal Wear),41,2026-08-31,0.9,0,9
AK-47 | Jungle Spray (Minimal Wear),42,2026-09-03,0.7,0,7
AK-47 | Jungle Spray (Minimal Wear),44,2026-09-05,0.6,0,6
AK-47 | Panthera onca (Factory New),30,2026-08-20,1.0,1,10
AK-47 | Panthera onca (Factory New),32,2026-08-22,1.0,1,10
AK-47 | Panthera onca (Factory New),33,2026-08-23,0.9,1,9
AK-47 | Panthera onca (Factory New),35,2026-08-25,0.8,1,8
AK-47 | Panthera onca (Factory New),36,2026-08-26,0.6,1,6
AK-47 | Panthera onca (Factory New),38,2026-08-28,0.6,1,6
AK-47 | Panthera onca (Factory New),39,2026-08-29,0.7,1,7
AK-47 | Panthera onca (Factory New),41,2026-08-31,0.5,0,5
AK-47 | Panthera onca (Factory New),42,2026-09-03,0.2,0,2
AK-47 | Panthera onca (Factory New),44,2026-09-05,0.1,0,1
AK-47 | Safety Net (Minimal Wear),30,2026-08-20,0.9,1,9
AK-47 | Safety Net (Minimal Wear),32,2026-08-22,0.8,1,8
AK-47 | Safety Net (Minimal Wear),33,2026-08-23,0.8,1,8
AK-47 | Safety Net (Minimal Wear),35,2026-08-25,0.6,1,6
AK-47 | Safety Net (Minimal Wear),36,2026-08-26,0.4,1,4
AK-47 | Safety Net (Minimal Wear),38,2026-08-28,0.5,1,5
AK-47 | Safety Net (Minimal Wear),39,2026-08-29,0.2,1,2
AK-47 | Safety Net (Minimal Wear),41,2026-08-31,0.1,1,1
AK-47 | Safety Net (Minimal Wear),42,2026-09-03,0.1,0,1
AK-47 | Safety Net (Minimal Wear),44,2026-09-05,0.3,0,3
AK-47 | Steel Delta (Field-Tested),30,2026-08-20,1.0,0,10
AK-47 | Steel Delta (Field-Tested),32,2026-08-22,0.9,0,9
AK-47 | Steel Delta (Field-Tested),33,2026-08-23,1.0,0,10
AK-47 | Steel Delta (Field-Tested),35,2026-08-25,0.7,0,7
AK-47 | Steel Delta (Field-Tested),36,2026-08-26,1.0,0,10
AK-47 | Steel Delta (Field-Tested),38,2026-08-28,1.0,0,10
AK-47 | Steel Delta (Field-Tested),39,2026-08-29,1.0,0,10
AK-47 | Steel Delta (Field-Tested),41,2026-08-31,1.0,1,10
AK-47 | Steel Delta (Field-Tested),42,2026-09-03,1.0,0,10
AK-47 | Steel Delta (Field-Tested),44,2026-09-05,0.8,1,8
AK-47 | Wasteland Rebel (Field-Tested),30,2026-08-20,0.5,1,5
AK-47 | Wasteland Rebel (Field-Tested),32,2026-08-22,0.7,1,7
AK-47 | Wasteland Rebel (Field-Tested),33,2026-08-23,0.1,1,1
AK-47 | Wasteland Rebel (Field-Tested),35,2026-08-25,0.0,1,0
AK-47 | Wasteland Rebel (Field-Tested),36,2026-08-26,0.4,1,4
AK-47 | Wasteland Rebel (Field-Tested),38,2026-08-28,0.0,0,0
AK-47 | Wasteland Rebel (Field-Tested),39,2026-08-29,0.8,1,8
AK-47 | Wasteland Rebel (Field-Tested),41,2026-08-31,0.0,1,0
AK-47 | Wasteland Rebel (Field-Tested),42,2026-09-03,0.0,0,0
AK-47 | Wasteland Rebel (Field-Tested),44,2026-09-05,0.0,0,0
AUG | Torque (Factory New),30,2026-08-20,1.0,0,10
AUG | Torque (Factory New),32,2026-08-22,0.6,0,6
AUG | Torque (Factory New),33,2026-08-23,0.5,0,5
AUG | Torque (Factory New),35,2026-08-25,0.6,0,6
AUG | Torque (Factory New),36,2026-08-26,0.8,0,8
AUG | Torque (Factory New),38,2026-08-28,0.3,0,3
AUG | Torque (Factory New),39,2026-08-29,0.6,0,6
AUG | Torque (Factory New),41,2026-08-31,0.4,0,4
AUG | Torque (Factory New),42,2026-09-03,0.5,0,5
AUG | Torque (Factory New),44,2026-09-05,0.8,0,8
AWP | Black Nile (Minimal Wear),30,2026-08-20,1.0,0,10
AWP | Black Nile (Minimal Wear),32,2026-08-22,1.0,0,10
AWP | Black Nile (Minimal Wear),33,2026-08-23,1.0,0,10
AWP | Black Nile (Minimal Wear),35,2026-08-25,1.0,0,10
AWP | Black Nile (Minimal Wear),36,2026-08-26,0.8,0,8
AWP | Black Nile (Minimal Wear),38,2026-08-28,0.5,0,5
AWP | Black Nile (Minimal Wear),39,2026-08-29,0.7,0,7
AWP | Black Nile (Minimal Wear),41,2026-08-31,0.5,0,5
AWP | Black Nile (Minimal Wear),42,2026-09-03,0.8,0,8
AWP | Black Nile (Minimal Wear),44,2026-09-05,0.6,0,6
CZ75-Auto | Tigris (Factory New),30,2026-08-20,1.0,1,10
CZ75-Auto | Tigris (Factory New),32,2026-08-22,0.8,1,8
CZ75-Auto | Tigris (Factory New),33,2026-08-23,0.5,0,5
CZ75-Auto | Tigris (Factory New),35,2026-08-25,0.6,0,6
CZ75-Auto | Tigris (Factory New),36,2026-08-26,0.8,0,8
CZ75-Auto | Tigris (Factory New),38,2026-08-28,0.9,0,9
CZ75-Auto | Tigris (Factory New),39,2026-08-29,0.8,0,8
CZ75-Auto | Tigris (Factory New),41,2026-08-31,0.7,0,7
CZ75-Auto | Tigris (Factory New),42,2026-09-03,0.5,0,5
CZ75-Auto | Tigris (Factory New),44,2026-09-05,0.7,0,7
Desert Eagle | Naga (Factory New),30,2026-08-20,0.8,1,8
Desert Eagle | Naga (Factory New),32,2026-08-22,0.5,0,5
Desert Eagle | Naga (Factory New),33,2026-08-23,0.5,1,5
Desert Eagle | Naga (Factory New),35,2026-08-25,0.8,1,8
Desert Eagle | Naga (Factory New),36,2026-08-26,0.7,0,7
Desert Eagle | Naga (Factory New),38,2026-08-28,0.7,0,7
Desert Eagle | Naga (Factory New),39,2026-08-29,0.8,0,8
Desert Eagle | Naga (Factory New),41,2026-08-31,0.4,0,4
Desert Eagle | Naga (Factory New),42,2026-09-03,0.3,0,3
Desert Eagle | Naga (Factory New),44,2026-09-05,0.4,0,4
Desert Eagle | Printstream (Field-Tested),30,2026-08-20,1.0,1,10
Desert Eagle | Printstream (Field-Tested),32,2026-08-22,1.0,0,10
Desert Eagle | Printstream (Field-Tested),33,2026-08-23,1.0,0,10
Desert Eagle | Printstream (Field-Tested),35,2026-08-25,1.0,0,10
Desert Eagle | Printstream (Field-Tested),36,2026-08-26,0.9,0,9
Desert Eagle | Printstream (Field-Tested),38,2026-08-28,0.9,0,9
Desert Eagle | Printstream (Field-Tested),39,2026-08-29,0.4,0,4
Desert Eagle | Printstream (Field-Tested),41,2026-08-31,0.9,0,9
Desert Eagle | Printstream (Field-Tested),42,2026-09-03,0.7,0,7
Desert Eagle | Printstream (Field-Tested),44,2026-09-05,1.0,0,10
Desert Eagle | Trigger Discipline (Factory New),30,2026-08-20,0.7,1,7
Desert Eagle | Trigger Discipline (Factory New),32,2026-08-22,0.2,0,2
Desert Eagle | Trigger Discipline (Factory New),33,2026-08-23,0.2,0,2
Desert Eagle | Trigger Discipline (Factory New),35,2026-08-25,0.1,0,1
Desert Eagle | Trigger Discipline (Factory New),36,2026-08-26,0.4,0,4
Desert Eagle | Trigger Discipline (Factory New),38,2026-08-28,0.5,1,5
Desert Eagle | Trigger Discipline (Factory New),39,2026-08-29,0.2,0,2
Desert Eagle | Trigger Discipline (Factory New),41,2026-08-31,0.0,0,0
Desert Eagle | Trigger Discipline (Factory New),42,2026-09-03,0.4,0,4
Desert Eagle | Trigger Discipline (Factory New),44,2026-09-05,0.0,0,0
Dual Berettas | Anodized Navy (Factory New),30,2026-08-20,0.3,1,3
Dual Berettas | Anodized Navy (Factory New),32,2026-08-22,0.0,0,0
Dual Berettas | Anodized Navy (Factory New),33,2026-08-23,0.0,0,0
Dual Berettas | Anodized Navy (Factory New),35,2026-08-25,0.0,0,0
Dual Berettas | Anodized Navy (Factory New),36,2026-08-26,0.1,0,1
Dual Berettas | Anodized Navy (Factory New),38,2026-08-28,0.4,0,4
Dual Berettas | Anodized Navy (Factory New),39,2026-08-29,0.0,0,0
Dual Berettas | Anodized Navy (Factory New),41,2026-08-31,0.5,0,5
Dual Berettas | Anodized Navy (Factory New),42,2026-09-03,0.6,0,6
Dual Berettas | Anodized Navy (Factory New),44,2026-09-05,0.2,0,2
Dual Berettas | Retribution (Field-Tested),30,2026-08-20,0.8,0,8
Dual Berettas | Retribution (Field-Tested),32,2026-08-22,0.9,1,9
Dual Berettas | Retribution (Field-Tested),33,2026-08-23,0.7,1,7
Dual Berettas | Retribution (Field-Tested),35,2026-08-25,0.5,1,5
Dual Berettas | Retribution (Field-Tested),36,2026-08-26,1.0,1,10
Dual Berettas | Retribution (Field-Tested),38,2026-08-28,0.6,1,6
Dual Berettas | Retribution (Field-Tested),39,2026-08-29,0.9,1,9
Dual Berettas | Retribution (Field-Tested),41,2026-08-31,0.9,1,9
Dual Berettas | Retribution (Field-Tested),42,2026-09-03,0.2,1,2
Dual Berettas | Retribution (Field-Tested),44,2026-09-05,0.3,1,3
FAMAS | Crypsis (Factory New),30,2026-08-20,1.0,0,10
FAMAS | Crypsis (Factory New),32,2026-08-22,0.3,0,3
FAMAS | Crypsis (Factory New),33,2026-08-23,0.2,0,2
FAMAS | Crypsis (Factory New),35,2026-08-25,0.5,0,5
FAMAS | Crypsis (Factory New),36,2026-08-26,0.5,0,5
FAMAS | Crypsis (Factory New),38,2026-08-28,0.4,0,4
FAMAS | Crypsis (Factory New),39,2026-08-29,0.4,0,4
FAMAS | Crypsis (Factory New),41,2026-08-31,0.7,0,7
FAMAS | Crypsis (Factory New),42,2026-09-03,0.1,0,1
FAMAS | Crypsis (Factory New),44,2026-09-05,0.9,0,9
Five-SeveN | Hyper Beast (Factory New),30,2026-08-20,1.0,1,10
Five-SeveN | Hyper Beast (Factory New),32,2026-08-22,0.9,1,9
Five-SeveN | Hyper Beast (Factory New),33,2026-08-23,1.0,1,10
Five-SeveN | Hyper Beast (Factory New),35,2026-08-25,0.7,0,7
Five-SeveN | Hyper Beast (Factory New),36,2026-08-26,0.8,0,8
Five-SeveN | Hyper Beast (Factory New),38,2026-08-28,0.6,0,6
Five-SeveN | Hyper Beast (Factory New),39,2026-08-29,0.2,0,2
Five-SeveN | Hyper Beast (Factory New),41,2026-08-31,1.0,0,10
Five-SeveN | Hyper Beast (Factory New),42,2026-09-03,0.4,0,4
Five-SeveN | Hyper Beast (Factory New),44,2026-09-05,0.8,1,8
Five-SeveN | Urban Hazard (Field-Tested),30,2026-08-20,0.5,0,5
Five-SeveN | Urban Hazard (Field-Tested),32,2026-08-22,0.9,0,9
Five-SeveN | Urban Hazard (Field-Tested),33,2026-08-23,0.9,0,9
Five-SeveN | Urban Hazard (Field-Tested),35,2026-08-25,0.1,0,1
Five-SeveN | Urban Hazard (Field-Tested),36,2026-08-26,0.6,0,6
Five-SeveN | Urban Hazard (Field-Tested),38,2026-08-28,0.9,0,9
Five-SeveN | Urban Hazard (Field-Tested),39,2026-08-29,0.9,0,9
Five-SeveN | Urban Hazard (Field-Tested),41,2026-08-31,1.0,0,10
Five-SeveN | Urban Hazard (Field-Tested),42,2026-09-03,1.0,0,10
Five-SeveN | Urban Hazard (Field-Tested),44,2026-09-05,1.0,0,10
G3SG1 | Flux (Minimal Wear),30,2026-08-20,1.0,0,10
G3SG1 | Flux (Minimal Wear),32,2026-08-22,1.0,1,10
G3SG1 | Flux (Minimal Wear),33,2026-08-23,0.6,1,6
G3SG1 | Flux (Minimal Wear),35,2026-08-25,0.9,1,9
G3SG1 | Flux (Minimal Wear),36,2026-08-26,0.9,1,9
G3SG1 | Flux (Minimal Wear),38,2026-08-28,0.9,1,9
G3SG1 | Flux (Minimal Wear),39,2026-08-29,0.5,1,5
G3SG1 | Flux (Minimal Wear),41,2026-08-31,0.7,1,7
G3SG1 | Flux (Minimal Wear),42,2026-09-03,0.7,1,7
G3SG1 | Flux (Minimal Wear),44,2026-09-05,0.7,1,7
Galil AR | Rainbow Spoon (Factory New),30,2026-08-20,1.0,1,10
Galil AR | Rainbow Spoon (Factory New),32,2026-08-22,0.5,0,5
Galil AR | Rainbow Spoon (Factory New),33,2026-08-23,0.7,0,7
Galil AR | Rainbow Spoon (Factory New),35,2026-08-25,0.7,0,7
Galil AR | Rainbow Spoon (Factory New),36,2026-08-26,0.5,0,5
Galil AR | Rainbow Spoon (Factory New),38,2026-08-28,0.3,0,3
Galil AR | Rainbow Spoon (Factory New),39,2026-08-29,0.3,0,3
Galil AR | Rainbow Spoon (Factory New),41,2026-08-31,0.3,0,3
Galil AR | Rainbow Spoon (Factory New),42,2026-09-03,0.2,0,2
Galil AR | Rainbow Spoon (Factory New),44,2026-09-05,0.3,0,3
Galil AR | Signal (Minimal Wear),30,2026-08-20,0.9,0,9
Galil AR | Signal (Minimal Wear),32,2026-08-22,0.9,0,9
Galil AR | Signal (Minimal Wear),33,2026-08-23,0.4,0,4
Galil AR | Signal (Minimal Wear),35,2026-08-25,1.0,0,10
Galil AR | Signal (Minimal Wear),36,2026-08-26,0.6,0,6
Galil AR | Signal (Minimal Wear),38,2026-08-28,1.0,1,10
Galil AR | Signal (Minimal Wear),39,2026-08-29,1.0,0,10
Galil AR | Signal (Minimal Wear),41,2026-08-31,0.7,0,7
Galil AR | Signal (Minimal Wear),42,2026-09-03,0.9,0,9
Galil AR | Signal (Minimal Wear),44,2026-09-05,0.4,0,4
Galil AR | Urban Rubble (Minimal Wear),30,2026-08-20,1.0,0,10
Galil AR | Urban Rubble (Minimal Wear),32,2026-08-22,1.0,0,10
Galil AR | Urban Rubble (Minimal Wear),33,2026-08-23,1.0,0,10
Galil AR | Urban Rubble (Minimal Wear),35,2026-08-25,1.0,0,10
Galil AR | Urban Rubble (Minimal Wear),36,2026-08-26,1.0,1,10
Galil AR | Urban Rubble (Minimal Wear),38,2026-08-28,1.0,1,10
Galil AR | Urban Rubble (Minimal Wear),39,2026-08-29,0.9,1,9
Galil AR | Urban Rubble (Minimal Wear),41,2026-08-31,0.6,0,6
Galil AR | Urban Rubble (Minimal Wear),42,2026-09-03,0.9,1,9
Galil AR | Urban Rubble (Minimal Wear),44,2026-09-05,0.9,1,9
Glock-18 | Bunsen Burner (Factory New),30,2026-08-20,0.7,1,7
Glock-18 | Bunsen Burner (Factory New),32,2026-08-22,0.3,0,3
Glock-18 | Bunsen Burner (Factory New),33,2026-08-23,0.3,0,3
Glock-18 | Bunsen Burner (Factory New),35,2026-08-25,0.4,1,4
Glock-18 | Bunsen Burner (Factory New),36,2026-08-26,0.3,0,3
Glock-18 | Bunsen Burner (Factory New),38,2026-08-28,0.5,0,5
Glock-18 | Bunsen Burner (Factory New),39,2026-08-29,0.4,0,4
Glock-18 | Bunsen Burner (Factory New),41,2026-08-31,0.2,0,2
Glock-18 | Bunsen Burner (Factory New),42,2026-09-03,0.1,0,1
Glock-18 | Bunsen Burner (Factory New),44,2026-09-05,0.5,0,5
Glock-18 | Franklin (Field-Tested),30,2026-08-20,1.0,1,10
Glock-18 | Franklin (Field-Tested),32,2026-08-22,1.0,1,10
Glock-18 | Franklin (Field-Tested),33,2026-08-23,1.0,1,10
Glock-18 | Franklin (Field-Tested),35,2026-08-25,0.8,1,8
Glock-18 | Franklin (Field-Tested),36,2026-08-26,0.4,1,4
Glock-18 | Franklin (Field-Tested),38,2026-08-28,0.4,1,4
Glock-18 | Franklin (Field-Tested),39,2026-08-29,0.2,0,2
Glock-18 | Franklin (Field-Tested),41,2026-08-31,0.4,0,4
Glock-18 | Franklin (Field-Tested),42,2026-09-03,0.1,0,1
Glock-18 | Franklin (Field-Tested),44,2026-09-05,0.5,0,5
Glock-18 | Franklin (Minimal Wear),30,2026-08-20,1.0,1,10
Glock-18 | Franklin (Minimal Wear),32,2026-08-22,1.0,1,10
Glock-18 | Franklin (Minimal Wear),33,2026-08-23,1.0,1,10
Glock-18 | Franklin (Minimal Wear),35,2026-08-25,0.6,1,6
Glock-18 | Franklin (Minimal Wear),36,2026-08-26,0.8,1,8
Glock-18 | Franklin (Minimal Wear),38,2026-08-28,0.6,1,6
Glock-18 | Franklin (Minimal Wear),39,2026-08-29,0.6,1,6
Glock-18 | Franklin (Minimal Wear),41,2026-08-31,0.9,1,9
Glock-18 | Franklin (Minimal Wear),42,2026-09-03,0.1,1,1
Glock-18 | Franklin (Minimal Wear),44,2026-09-05,0.2,0,2
Glock-18 | Fully Tuned (Field-Tested),30,2026-08-20,1.0,1,10
Glock-18 | Fully Tuned (Field-Tested),32,2026-08-22,0.6,1,6
Glock-18 | Fully Tuned (Field-Tested),33,2026-08-23,0.9,1,9
Glock-18 | Fully Tuned (Field-Tested),35,2026-08-25,0.6,1,6
Glock-18 | Fully Tuned (Field-Tested),36,2026-08-26,0.3,1,3
Glock-18 | Fully Tuned (Field-Tested),38,2026-08-28,0.1,0,1
Glock-18 | Fully Tuned (Field-Tested),39,2026-08-29,0.9,1,9
Glock-18 | Fully Tuned (Field-Tested),41,2026-08-31,0.3,0,3
Glock-18 | Fully Tuned (Field-Tested),42,2026-09-03,0.2,0,2
Glock-18 | Fully Tuned (Field-Tested),44,2026-09-05,0.1,0,1
Glock-18 | Moonrise (Factory New),30,2026-08-20,1.0,0,10
Glock-18 | Moonrise (Factory New),32,2026-08-22,1.0,1,10
Glock-18 | Moonrise (Factory New),33,2026-08-23,1.0,0,10
Glock-18 | Moonrise (Factory New),35,2026-08-25,1.0,0,10
Glock-18 | Moonrise (Factory New),36,2026-08-26,0.7,0,7
Glock-18 | Moonrise (Factory New),38,2026-08-28,0.9,1,9
Glock-18 | Moonrise (Factory New),39,2026-08-29,0.9,1,9
Glock-18 | Moonrise (Factory New),41,2026-08-31,0.6,0,6
Glock-18 | Moonrise (Factory New),42,2026-09-03,0.2,0,2
Glock-18 | Moonrise (Factory New),44,2026-09-05,0.8,0,8
Glock-18 | Nuclear Garden (Factory New),30,2026-08-20,1.0,1,10
Glock-18 | Nuclear Garden (Factory New),32,2026-08-22,0.7,0,7
Glock-18 | Nuclear Garden (Factory New),33,2026-08-23,0.4,0,4
Glock-18 | Nuclear Garden (Factory New),35,2026-08-25,0.8,0,8
Glock-18 | Nuclear Garden (Factory New),36,2026-08-26,0.9,1,9
Glock-18 | Nuclear Garden (Factory New),38,2026-08-28,0.4,0,4
Glock-18 | Nuclear Garden (Factory New),39,2026-08-29,0.6,0,6
Glock-18 | Nuclear Garden (Factory New),41,2026-08-31,0.4,0,4
Glock-18 | Nuclear Garden (Factory New),42,2026-09-03,0.5,0,5
Glock-18 | Nuclear Garden (Factory New),44,2026-09-05,0.3,0,3
Glock-18 | Nuclear Garden (Minimal Wear),30,2026-08-20,1.0,1,10
Glock-18 | Nuclear Garden (Minimal Wear),32,2026-08-22,0.8,1,8
Glock-18 | Nuclear Garden (Minimal Wear),33,2026-08-23,0.5,0,5
Glock-18 | Nuclear Garden (Minimal Wear),35,2026-08-25,0.7,0,7
Glock-18 | Nuclear Garden (Minimal Wear),36,2026-08-26,0.6,1,6
Glock-18 | Nuclear Garden (Minimal Wear),38,2026-08-28,0.4,0,4
Glock-18 | Nuclear Garden (Minimal Wear),39,2026-08-29,0.4,0,4
Glock-18 | Nuclear Garden (Minimal Wear),41,2026-08-31,0.2,0,2
Glock-18 | Nuclear Garden (Minimal Wear),42,2026-09-03,0.3,0,3
Glock-18 | Nuclear Garden (Minimal Wear),44,2026-09-05,0.3,0,3
Glock-18 | Royal Legion (Minimal Wear),30,2026-08-20,1.0,1,10
Glock-18 | Royal Legion (Minimal Wear),32,2026-08-22,1.0,1,10
Glock-18 | Royal Legion (Minimal Wear),33,2026-08-23,1.0,1,10
Glock-18 | Royal Legion (Minimal Wear),35,2026-08-25,0.7,0,7
Glock-18 | Royal Legion (Minimal Wear),36,2026-08-26,0.6,0,6
Glock-18 | Royal Legion (Minimal Wear),38,2026-08-28,0.2,0,2
Glock-18 | Royal Legion (Minimal Wear),39,2026-08-29,0.7,0,7
Glock-18 | Royal Legion (Minimal Wear),41,2026-08-31,0.4,0,4
Glock-18 | Royal Legion (Minimal Wear),42,2026-09-03,0.3,0,3
Glock-18 | Royal Legion (Minimal Wear),44,2026-09-05,0.4,0,4
Glock-18 | Trace Lock (Minimal Wear),30,2026-08-20,1.0,1,10
Glock-18 | Trace Lock (Minimal Wear),32,2026-08-22,0.9,0,9
Glock-18 | Trace Lock (Minimal Wear),33,2026-08-23,0.6,0,6
Glock-18 | Trace Lock (Minimal Wear),35,2026-08-25,0.6,0,6
Glock-18 | Trace Lock (Minimal Wear),36,2026-08-26,0.6,0,6
Glock-18 | Trace Lock (Minimal Wear),38,2026-08-28,0.9,0,9
Glock-18 | Trace Lock (Minimal Wear),39,2026-08-29,0.9,0,9
Glock-18 | Trace Lock (Minimal Wear),41,2026-08-31,0.4,0,4
Glock-18 | Trace Lock (Minimal Wear),42,2026-09-03,0.7,0,7
Glock-18 | Trace Lock (Minimal Wear),44,2026-09-05,0.5,0,5
Glock-18 | Twilight Galaxy (Minimal Wear),30,2026-08-20,1.0,1,10
Glock-18 | Twilight Galaxy (Minimal Wear),32,2026-08-22,0.9,1,9
Glock-18 | Twilight Galaxy (Minimal Wear),33,2026-08-23,0.9,1,9
Glock-18 | Twilight Galaxy (Minimal Wear),35,2026-08-25,1.0,1,10
Glock-18 | Twilight Galaxy (Minimal Wear),36,2026-08-26,1.0,1,10
Glock-18 | Twilight Galaxy (Minimal Wear),38,2026-08-28,0.9,0,9
Glock-18 | Twilight Galaxy (Minimal Wear),39,2026-08-29,0.4,0,4
Glock-18 | Twilight Galaxy (Minimal Wear),41,2026-08-31,0.5,0,5
Glock-18 | Twilight Galaxy (Minimal Wear),42,2026-09-03,0.4,0,4
Glock-18 | Twilight Galaxy (Minimal Wear),44,2026-09-05,0.6,0,6
Glock-18 | Wasteland Rebel (Minimal Wear),30,2026-08-20,0.2,1,2
Glock-18 | Wasteland Rebel (Minimal Wear),32,2026-08-22,0.1,1,1
Glock-18 | Wasteland Rebel (Minimal Wear),33,2026-08-23,0.2,1,2
Glock-18 | Wasteland Rebel (Minimal Wear),35,2026-08-25,0.0,1,0
Glock-18 | Wasteland Rebel (Minimal Wear),36,2026-08-26,0.0,1,0
Glock-18 | Wasteland Rebel (Minimal Wear),38,2026-08-28,0.0,1,0
Glock-18 | Wasteland Rebel (Minimal Wear),39,2026-08-29,0.0,0,0
Glock-18 | Wasteland Rebel (Minimal Wear),41,2026-08-31,0.0,0,0
Glock-18 | Wasteland Rebel (Minimal Wear),42,2026-09-03,0.0,0,0
Glock-18 | Wasteland Rebel (Minimal Wear),44,2026-09-05,0.0,0,0
M249 | Humidor (Field-Tested),30,2026-08-20,0.0,1,0
M249 | Humidor (Field-Tested),32,2026-08-22,0.2,1,2
M249 | Humidor (Field-Tested),33,2026-08-23,0.0,1,0
M249 | Humidor (Field-Tested),35,2026-08-25,0.2,1,2
M249 | Humidor (Field-Tested),36,2026-08-26,0.2,1,2
M249 | Humidor (Field-Tested),38,2026-08-28,0.2,1,2
M249 | Humidor (Field-Tested),39,2026-08-29,0.1,1,1
M249 | Humidor (Field-Tested),41,2026-08-31,0.6,1,6
M249 | Humidor (Field-Tested),42,2026-09-03,0.0,0,0
M249 | Humidor (Field-Tested),44,2026-09-05,0.0,0,0
M249 | Impact Drill (Field-Tested),30,2026-08-20,0.7,1,7
M249 | Impact Drill (Field-Tested),32,2026-08-22,0.8,1,8
M249 | Impact Drill (Field-Tested),33,2026-08-23,0.5,0,5
M249 | Impact Drill (Field-Tested),35,2026-08-25,0.8,0,8
M249 | Impact Drill (Field-Tested),36,2026-08-26,0.4,0,4
M249 | Impact Drill (Field-Tested),38,2026-08-28,0.2,0,2
M249 | Impact Drill (Field-Tested),39,2026-08-29,0.3,0,3
M249 | Impact Drill (Field-Tested),41,2026-08-31,0.1,0,1
M249 | Impact Drill (Field-Tested),42,2026-09-03,0.6,0,6
M249 | Impact Drill (Field-Tested),44,2026-09-05,0.3,0,3
M249 | Magma (Field-Tested),30,2026-08-20,1.0,1,10
M249 | Magma (Field-Tested),32,2026-08-22,1.0,1,10
M249 | Magma (Field-Tested),33,2026-08-23,1.0,1,10
M249 | Magma (Field-Tested),35,2026-08-25,1.0,1,10
M249 | Magma (Field-Tested),36,2026-08-26,0.9,1,9
M249 | Magma (Field-Tested),38,2026-08-28,0.7,1,7
M249 | Magma (Field-Tested),39,2026-08-29,0.7,1,7
M249 | Magma (Field-Tested),41,2026-08-31,0.2,1,2
M249 | Magma (Field-Tested),42,2026-09-03,0.2,0,2
M249 | Magma (Field-Tested),44,2026-09-05,0.0,0,0
M4A1-S | Atomic Alloy (Field-Tested),30,2026-08-20,1.0,0,10
M4A1-S | Atomic Alloy (Field-Tested),32,2026-08-22,1.0,0,10
M4A1-S | Atomic Alloy (Field-Tested),33,2026-08-23,1.0,0,10
M4A1-S | Atomic Alloy (Field-Tested),35,2026-08-25,1.0,0,10
M4A1-S | Atomic Alloy (Field-Tested),36,2026-08-26,0.7,0,7
M4A1-S | Atomic Alloy (Field-Tested),38,2026-08-28,0.9,0,9
M4A1-S | Atomic Alloy (Field-Tested),39,2026-08-29,0.7,0,7
M4A1-S | Atomic Alloy (Field-Tested),41,2026-08-31,0.9,0,9
M4A1-S | Atomic Alloy (Field-Tested),42,2026-09-03,0.9,0,9
M4A1-S | Atomic Alloy (Field-Tested),44,2026-09-05,0.6,0,6
M4A1-S | Dark Water (Field-Tested),30,2026-08-20,1.0,0,10
M4A1-S | Dark Water (Field-Tested),32,2026-08-22,1.0,1,10
M4A1-S | Dark Water (Field-Tested),33,2026-08-23,1.0,1,10
M4A1-S | Dark Water (Field-Tested),35,2026-08-25,1.0,1,10
M4A1-S | Dark Water (Field-Tested),36,2026-08-26,0.9,1,9
M4A1-S | Dark Water (Field-Tested),38,2026-08-28,0.7,1,7
M4A1-S | Dark Water (Field-Tested),39,2026-08-29,0.9,1,9
M4A1-S | Dark Water (Field-Tested),41,2026-08-31,1.0,1,10
M4A1-S | Dark Water (Field-Tested),42,2026-09-03,0.6,1,6
M4A1-S | Dark Water (Field-Tested),44,2026-09-05,0.4,1,4
M4A1-S | Emphorosaur-S (Minimal Wear),30,2026-08-20,1.0,1,10
M4A1-S | Emphorosaur-S (Minimal Wear),32,2026-08-22,1.0,1,10
M4A1-S | Emphorosaur-S (Minimal Wear),33,2026-08-23,1.0,1,10
M4A1-S | Emphorosaur-S (Minimal Wear),35,2026-08-25,0.8,1,8
M4A1-S | Emphorosaur-S (Minimal Wear),36,2026-08-26,0.8,1,8
M4A1-S | Emphorosaur-S (Minimal Wear),38,2026-08-28,1.0,1,10
M4A1-S | Emphorosaur-S (Minimal Wear),39,2026-08-29,1.0,1,10
M4A1-S | Emphorosaur-S (Minimal Wear),41,2026-08-31,0.6,0,6
M4A1-S | Emphorosaur-S (Minimal Wear),42,2026-09-03,0.3,0,3
M4A1-S | Emphorosaur-S (Minimal Wear),44,2026-09-05,0.3,1,3
M4A1-S | Stratosphere (Field-Tested),30,2026-08-20,0.9,1,9
M4A1-S | Stratosphere (Field-Tested),32,2026-08-22,0.9,0,9
M4A1-S | Stratosphere (Field-Tested),33,2026-08-23,1.0,1,10
M4A1-S | Stratosphere (Field-Tested),35,2026-08-25,0.8,0,8
M4A1-S | Stratosphere (Field-Tested),36,2026-08-26,0.9,1,9
M4A1-S | Stratosphere (Field-Tested),38,2026-08-28,0.5,1,5
M4A1-S | Stratosphere (Field-Tested),39,2026-08-29,0.7,0,7
M4A1-S | Stratosphere (Field-Tested),41,2026-08-31,0.7,0,7
M4A1-S | Stratosphere (Field-Tested),42,2026-09-03,0.6,0,6
M4A1-S | Stratosphere (Field-Tested),44,2026-09-05,0.3,0,3
M4A4 | Desert-Strike (Minimal Wear),30,2026-08-20,1.0,1,10
M4A4 | Desert-Strike (Minimal Wear),32,2026-08-22,0.9,1,9
M4A4 | Desert-Strike (Minimal Wear),33,2026-08-23,1.0,1,10
M4A4 | Desert-Strike (Minimal Wear),35,2026-08-25,1.0,1,10
M4A4 | Desert-Strike (Minimal Wear),36,2026-08-26,0.4,1,4
M4A4 | Desert-Strike (Minimal Wear),38,2026-08-28,0.5,1,5
M4A4 | Desert-Strike (Minimal Wear),39,2026-08-29,0.3,1,3
M4A4 | Desert-Strike (Minimal Wear),41,2026-08-31,0.5,1,5
M4A4 | Desert-Strike (Minimal Wear),42,2026-09-03,0.4,0,4
M4A4 | Desert-Strike (Minimal Wear),44,2026-09-05,0.1,0,1
M4A4 | Faded Zebra (Field-Tested),30,2026-08-20,0.6,1,6
M4A4 | Faded Zebra (Field-Tested),32,2026-08-22,0.3,0,3
M4A4 | Faded Zebra (Field-Tested),33,2026-08-23,0.5,0,5
M4A4 | Faded Zebra (Field-Tested),35,2026-08-25,0.5,0,5
M4A4 | Faded Zebra (Field-Tested),36,2026-08-26,0.1,0,1
M4A4 | Faded Zebra (Field-Tested),38,2026-08-28,0.2,0,2
M4A4 | Faded Zebra (Field-Tested),39,2026-08-29,0.0,0,0
M4A4 | Faded Zebra (Field-Tested),41,2026-08-31,0.0,0,0
M4A4 | Faded Zebra (Field-Tested),42,2026-09-03,0.0,0,0
M4A4 | Faded Zebra (Field-Tested),44,2026-09-05,0.0,0,0
M4A4 | Poly Mag (Factory New),30,2026-08-20,1.0,1,10
M4A4 | Poly Mag (Factory New),32,2026-08-22,0.9,1,9
M4A4 | Poly Mag (Factory New),33,2026-08-23,0.3,0,3
M4A4 | Poly Mag (Factory New),35,2026-08-25,0.7,0,7
M4A4 | Poly Mag (Factory New),36,2026-08-26,0.5,0,5
M4A4 | Poly Mag (Factory New),38,2026-08-28,0.7,0,7
M4A4 | Poly Mag (Factory New),39,2026-08-29,0.5,0,5
M4A4 | Poly Mag (Factory New),41,2026-08-31,0.9,0,9
M4A4 | Poly Mag (Factory New),42,2026-09-03,0.7,0,7
M4A4 | Poly Mag (Factory New),44,2026-09-05,0.7,0,7
M4A4 | 龍王 (Dragon King) (Field-Tested),30,2026-08-20,1.0,0,10
M4A4 | 龍王 (Dragon King) (Field-Tested),32,2026-08-22,1.0,0,10
M4A4 | 龍王 (Dragon King) (Field-Tested),33,2026-08-23,1.0,0,10
M4A4 | 龍王 (Dragon King) (Field-Tested),35,2026-08-25,1.0,0,10
M4A4 | 龍王 (Dragon King) (Field-Tested),36,2026-08-26,1.0,0,10
M4A4 | 龍王 (Dragon King) (Field-Tested),38,2026-08-28,0.7,0,7
M4A4 | 龍王 (Dragon King) (Field-Tested),39,2026-08-29,0.8,0,8
M4A4 | 龍王 (Dragon King) (Field-Tested),41,2026-08-31,1.0,0,10
M4A4 | 龍王 (Dragon King) (Field-Tested),42,2026-09-03,0.8,0,8
M4A4 | 龍王 (Dragon King) (Field-Tested),44,2026-09-05,0.9,0,9
MAC-10 | Amber Fade (Field-Tested),30,2026-08-20,1.0,0,10
MAC-10 | Amber Fade (Field-Tested),32,2026-08-22,1.0,0,10
MAC-10 | Amber Fade (Field-Tested),33,2026-08-23,1.0,0,10
MAC-10 | Amber Fade (Field-Tested),35,2026-08-25,1.0,0,10
MAC-10 | Amber Fade (Field-Tested),36,2026-08-26,0.9,0,9
MAC-10 | Amber Fade (Field-Tested),38,2026-08-28,0.9,0,9
MAC-10 | Amber Fade (Field-Tested),39,2026-08-29,0.9,0,9
MAC-10 | Amber Fade (Field-Tested),41,2026-08-31,1.0,0,10
MAC-10 | Amber Fade (Field-Tested),42,2026-09-03,1.0,0,10
MAC-10 | Amber Fade (Field-Tested),44,2026-09-05,0.9,0,9
MAC-10 | Pipsqueak (Factory New),30,2026-08-20,1.0,0,10
MAC-10 | Pipsqueak (Factory New),32,2026-08-22,1.0,0,10
MAC-10 | Pipsqueak (Factory New),33,2026-08-23,0.9,0,9
MAC-10 | Pipsqueak (Factory New),35,2026-08-25,0.5,1,5
MAC-10 | Pipsqueak (Factory New),36,2026-08-26,0.4,0,4
MAC-10 | Pipsqueak (Factory New),38,2026-08-28,0.9,1,9
MAC-10 | Pipsqueak (Factory New),39,2026-08-29,0.8,1,8
MAC-10 | Pipsqueak (Factory New),41,2026-08-31,0.3,0,3
MAC-10 | Pipsqueak (Factory New),42,2026-09-03,0.1,0,1
MAC-10 | Pipsqueak (Factory New),44,2026-09-05,0.3,0,3
MAG-7 | Firestarter (Minimal Wear),30,2026-08-20,1.0,1,10
MAG-7 | Firestarter (Minimal Wear),32,2026-08-22,0.9,1,9
MAG-7 | Firestarter (Minimal Wear),33,2026-08-23,1.0,1,10
MAG-7 | Firestarter (Minimal Wear),35,2026-08-25,0.7,0,7
MAG-7 | Firestarter (Minimal Wear),36,2026-08-26,0.6,1,6
MAG-7 | Firestarter (Minimal Wear),38,2026-08-28,0.8,1,8
MAG-7 | Firestarter (Minimal Wear),39,2026-08-29,0.7,1,7
MAG-7 | Firestarter (Minimal Wear),41,2026-08-31,0.8,1,8
MAG-7 | Firestarter (Minimal Wear),42,2026-09-03,0.4,0,4
MAG-7 | Firestarter (Minimal Wear),44,2026-09-05,0.2,0,2
MAG-7 | Popdog (Factory New),30,2026-08-20,1.0,0,10
MAG-7 | Popdog (Factory New),32,2026-08-22,1.0,0,10
MAG-7 | Popdog (Factory New),33,2026-08-23,0.7,0,7
MAG-7 | Popdog (Factory New),35,2026-08-25,1.0,0,10
MAG-7 | Popdog (Factory New),36,2026-08-26,1.0,0,10
MAG-7 | Popdog (Factory New),38,2026-08-28,0.8,0,8
MAG-7 | Popdog (Factory New),39,2026-08-29,0.9,1,9
MAG-7 | Popdog (Factory New),41,2026-08-31,0.6,0,6
MAG-7 | Popdog (Factory New),42,2026-09-03,0.8,0,8
MAG-7 | Popdog (Factory New),44,2026-09-05,0.8,0,8
MAG-7 | Seabird (Minimal Wear),30,2026-08-20,1.0,1,10
MAG-7 | Seabird (Minimal Wear),32,2026-08-22,0.6,0,6
MAG-7 | Seabird (Minimal Wear),33,2026-08-23,0.8,0,8
MAG-7 | Seabird (Minimal Wear),35,2026-08-25,0.6,1,6
MAG-7 | Seabird (Minimal Wear),36,2026-08-26,0.6,0,6
MAG-7 | Seabird (Minimal Wear),38,2026-08-28,0.5,0,5
MAG-7 | Seabird (Minimal Wear),39,2026-08-29,0.6,0,6
MAG-7 | Seabird (Minimal Wear),41,2026-08-31,0.3,0,3
MAG-7 | Seabird (Minimal Wear),42,2026-09-03,0.3,0,3
MAG-7 | Seabird (Minimal Wear),44,2026-09-05,0.5,0,5
MP5-SD | Autumn Twilly (Factory New),30,2026-08-20,1.0,1,10
MP5-SD | Autumn Twilly (Factory New),32,2026-08-22,1.0,1,10
MP5-SD | Autumn Twilly (Factory New),33,2026-08-23,0.9,1,9
MP5-SD | Autumn Twilly (Factory New),35,2026-08-25,0.8,1,8
MP5-SD | Autumn Twilly (Factory New),36,2026-08-26,0.7,1,7
MP5-SD | Autumn Twilly (Factory New),38,2026-08-28,0.9,1,9
MP5-SD | Autumn Twilly (Factory New),39,2026-08-29,0.6,1,6
MP5-SD | Autumn Twilly (Factory New),41,2026-08-31,0.2,1,2
MP5-SD | Autumn Twilly (Factory New),42,2026-09-03,0.0,1,0
MP5-SD | Autumn Twilly (Factory New),44,2026-09-05,0.2,1,2
MP7 | Teal Blossom (Factory New),30,2026-08-20,0.7,0,7
MP7 | Teal Blossom (Factory New),32,2026-08-22,0.0,0,0
MP7 | Teal Blossom (Factory New),33,2026-08-23,1.0,1,10
MP7 | Teal Blossom (Factory New),35,2026-08-25,0.0,0,0
MP7 | Teal Blossom (Factory New),36,2026-08-26,0.9,1,9
MP7 | Teal Blossom (Factory New),38,2026-08-28,0.7,0,7
MP7 | Teal Blossom (Factory New),39,2026-08-29,0.6,1,6
MP7 | Teal Blossom (Factory New),41,2026-08-31,0.9,1,9
MP7 | Teal Blossom (Factory New),42,2026-09-03,0.1,0,1
MP7 | Teal Blossom (Factory New),44,2026-09-05,0.7,1,7
MP7 | Whiteout (Field-Tested),30,2026-08-20,1.0,1,10
MP7 | Whiteout (Field-Tested),32,2026-08-22,1.0,1,10
MP7 | Whiteout (Field-Tested),33,2026-08-23,0.8,1,8
MP7 | Whiteout (Field-Tested),35,2026-08-25,0.2,0,2
MP7 | Whiteout (Field-Tested),36,2026-08-26,1.0,0,10
MP7 | Whiteout (Field-Tested),38,2026-08-28,0.5,0,5
MP7 | Whiteout (Field-Tested),39,2026-08-29,0.6,1,6
MP7 | Whiteout (Field-Tested),41,2026-08-31,0.6,0,6
MP7 | Whiteout (Field-Tested),42,2026-09-03,0.6,0,6
MP7 | Whiteout (Field-Tested),44,2026-09-05,0.7,0,7
MP9 | Deadly Poison (Factory New),30,2026-08-20,0.2,0,2
MP9 | Deadly Poison (Factory New),32,2026-08-22,0.3,0,3
MP9 | Deadly Poison (Factory New),33,2026-08-23,0.3,0,3
MP9 | Deadly Poison (Factory New),35,2026-08-25,0.4,0,4
MP9 | Deadly Poison (Factory New),36,2026-08-26,0.5,0,5
MP9 | Deadly Poison (Factory New),38,2026-08-28,0.8,0,8
MP9 | Deadly Poison (Factory New),39,2026-08-29,0.3,0,3
MP9 | Deadly Poison (Factory New),41,2026-08-31,0.7,0,7
MP9 | Deadly Poison (Factory New),42,2026-09-03,0.7,0,7
MP9 | Deadly Poison (Factory New),44,2026-09-05,0.2,0,2
MP9 | Goo (Minimal Wear),30,2026-08-20,1.0,1,10
MP9 | Goo (Minimal Wear),32,2026-08-22,0.0,0,0
MP9 | Goo (Minimal Wear),33,2026-08-23,0.4,0,4
MP9 | Goo (Minimal Wear),35,2026-08-25,0.6,1,6
MP9 | Goo (Minimal Wear),36,2026-08-26,0.8,0,8
MP9 | Goo (Minimal Wear),38,2026-08-28,0.9,1,9
MP9 | Goo (Minimal Wear),39,2026-08-29,0.5,0,5
MP9 | Goo (Minimal Wear),41,2026-08-31,0.8,0,8
MP9 | Goo (Minimal Wear),42,2026-09-03,0.2,0,2
MP9 | Goo (Minimal Wear),44,2026-09-05,0.0,0,0
MP9 | Pandora's Box (Factory New),30,2026-08-20,1.0,0,10
MP9 | Pandora's Box (Factory New),32,2026-08-22,0.9,0,9
MP9 | Pandora's Box (Factory New),33,2026-08-23,0.2,0,2
MP9 | Pandora's Box (Factory New),35,2026-08-25,0.8,0,8
MP9 | Pandora's Box (Factory New),36,2026-08-26,0.8,0,8
MP9 | Pandora's Box (Factory New),38,2026-08-28,0.7,0,7
MP9 | Pandora's Box (Factory New),39,2026-08-29,0.8,0,8
MP9 | Pandora's Box (Factory New),41,2026-08-31,0.8,0,8
MP9 | Pandora's Box (Factory New),42,2026-09-03,1.0,0,10
MP9 | Pandora's Box (Factory New),44,2026-09-05,0.5,0,5
Nova | Graphite (Factory New),30,2026-08-20,1.0,0,10
Nova | Graphite (Factory New),32,2026-08-22,0.9,0,9
Nova | Graphite (Factory New),33,2026-08-23,0.7,0,7
Nova | Graphite (Factory New),35,2026-08-25,0.7,0,7
Nova | Graphite (Factory New),36,2026-08-26,1.0,0,10
Nova | Graphite (Factory New),38,2026-08-28,0.7,0,7
Nova | Graphite (Factory New),39,2026-08-29,1.0,0,10
Nova | Graphite (Factory New),41,2026-08-31,0.6,0,6
Nova | Graphite (Factory New),42,2026-09-03,0.7,0,7
Nova | Graphite (Factory New),44,2026-09-05,0.8,0,8
Nova | Rising Sun (Minimal Wear),30,2026-08-20,0.9,0,9
Nova | Rising Sun (Minimal Wear),32,2026-08-22,0.7,0,7
Nova | Rising Sun (Minimal Wear),33,2026-08-23,0.8,0,8
Nova | Rising Sun (Minimal Wear),35,2026-08-25,0.8,0,8
Nova | Rising Sun (Minimal Wear),36,2026-08-26,0.5,0,5
Nova | Rising Sun (Minimal Wear),38,2026-08-28,0.5,0,5
Nova | Rising Sun (Minimal Wear),39,2026-08-29,0.2,0,2
Nova | Rising Sun (Minimal Wear),41,2026-08-31,0.4,0,4
Nova | Rising Sun (Minimal Wear),42,2026-09-03,0.6,0,6
Nova | Rising Sun (Minimal Wear),44,2026-09-05,0.4,0,4
P2000 | Chainmail (Factory New),30,2026-08-20,0.8,0,8
P2000 | Chainmail (Factory New),32,2026-08-22,0.8,0,8
P2000 | Chainmail (Factory New),33,2026-08-23,0.5,0,5
P2000 | Chainmail (Factory New),35,2026-08-25,0.6,0,6
P2000 | Chainmail (Factory New),36,2026-08-26,0.5,0,5
P2000 | Chainmail (Factory New),38,2026-08-28,0.4,0,4
P2000 | Chainmail (Factory New),39,2026-08-29,0.4,0,4
P2000 | Chainmail (Factory New),41,2026-08-31,0.7,1,7
P2000 | Chainmail (Factory New),42,2026-09-03,0.7,1,7
P2000 | Chainmail (Factory New),44,2026-09-05,0.5,1,5
P2000 | Wicked Sick (Field-Tested),30,2026-08-20,1.0,1,10
P2000 | Wicked Sick (Field-Tested),32,2026-08-22,1.0,1,10
P2000 | Wicked Sick (Field-Tested),33,2026-08-23,0.9,1,9
P2000 | Wicked Sick (Field-Tested),35,2026-08-25,0.8,1,8
P2000 | Wicked Sick (Field-Tested),36,2026-08-26,0.7,1,7
P2000 | Wicked Sick (Field-Tested),38,2026-08-28,0.8,1,8
P2000 | Wicked Sick (Field-Tested),39,2026-08-29,1.0,1,10
P2000 | Wicked Sick (Field-Tested),41,2026-08-31,0.8,0,8
P2000 | Wicked Sick (Field-Tested),42,2026-09-03,0.0,0,0
P2000 | Wicked Sick (Field-Tested),44,2026-09-05,0.0,0,0
